city_id,city_name,state_name,population,avg_income
"1","New York","New York","18908608","47641.00"
"2","Los Angeles","California","11922389","63701.00"
"3","Chicago","Illinois","8497759","52671.00"
"4","Miami","Florida","6080145","45895.00"
"5","Houston","Texas","5970127","54769.00"
"6","Dallas","Texas","5830932","74348.00"
"7","Philadelphia","Pennsylvania","5683533","64006.00"
"8","Atlanta","Georgia","5180179","54169.00"
"9","Washington","District of Columbia","5116378","58561.00"
"10","Boston","Massachusetts","4328315","47414.00"
"11","Phoenix","Arizona","4064275","64479.00"
"12","Detroit","Michigan","3725908","55663.00"
"13","Seattle","Washington","3561397","81061.00"
"14","San Francisco","California","3364979","69839.00"
"15","San Diego","California","3046560","52728.00"
"16","Minneapolis","Minnesota","2892569","46595.00"
"17","Tampa","Florida","2861173","54620.00"
"18","Brooklyn","New York","2736074","81292.00"
"19","Denver","Colorado","2687458","56357.00"
"20","Queens","New York","2405464","86438.00"
"21","Riverside","California","2332836","88754.00"
"22","Las Vegas","Nevada","2248047","54313.00"
"23","Baltimore","Maryland","2196524","53394.00"
"24","St. Louis","Missouri","2130881","76910.00"
"25","Portland","Oregon","2095808","83367.00"
"26","San Antonio","Texas","2058444","70873.00"
"27","Sacramento","California","1957738","46363.00"
"28","Austin","Texas","1905945","80550.00"
"29","Orlando","Florida","1882705","79430.00"
"30","San Juan","Puerto Rico","1814587","85889.00"
"31","San Jose","California","1771413","70601.00"
"32","Pittsburgh","Pennsylvania","1749091","85846.00"
"33","Indianapolis","Indiana","1729849","82592.00"
"34","Manhattan","New York","1694263","68333.00"
"35","Cincinnati","Ohio","1692702","59313.00"
"36","Kansas City","Missouri","1689556","86144.00"
"37","Cleveland","Ohio","1680247","52535.00"
"38","Columbus","Ohio","1572546","74500.00"
"39","Bronx","New York","1472654","61494.00"
"40","Virginia Beach","Virginia","1443020","64926.00"
"41","Charlotte","North Carolina","1427444","50614.00"
"42","Milwaukee","Wisconsin","1290940","47948.00"
"43","Providence","Rhode Island","1290271","68583.00"
"44","Jacksonville","Florida","1288298","84113.00"
"45","Nashville","Tennessee","1177657","46161.00"
"46","Salt Lake City","Utah","1173879","81382.00"
"47","Raleigh","North Carolina","1163152","70179.00"
"48","Richmond","Virginia","1073223","82011.00"
"49","Memphis","Tennessee","1037998","80990.00"
"50","Oklahoma City","Oklahoma","998806","85180.00"
"51","Hartford","Connecticut","974684","51198.00"
"52","Louisville","Kentucky","963812","84432.00"
"53","Buffalo","New York","944589","46148.00"
"54","New Orleans","Louisiana","932759","82120.00"
"55","Fort Worth","Texas","924663","74794.00"
"56","Bridgeport","Connecticut","908251","84489.00"
"57","Tucson","Arizona","878320","71465.00"
"58","El Paso","Texas","865270","79130.00"
"59","Omaha","Nebraska","821345","59797.00"
"60","McAllen","Texas","797341","55899.00"
"61","Birmingham","Alabama","782111","64738.00"
"62","Albuquerque","New Mexico","769986","84844.00"
"63","Tulsa","Oklahoma","731743","86232.00"
"64","Fresno","California","725276","56118.00"
"65","Charleston","South Carolina","706884","53718.00"
"66","Rochester","New York","699921","59459.00"
"67","Dayton","Ohio","668825","54783.00"
"68","Cape Coral","Florida","654405","75592.00"
"69","Mission Viejo","California","642211","69283.00"
"70","Colorado Springs","Colorado","638194","82703.00"
"71","Baton Rouge","Louisiana","635671","87563.00"
"72","Allentown","Pennsylvania","627863","70485.00"
"73","Ogden","Utah","622918","77646.00"
"74","Provo","Utah","619218","48625.00"
"75","Knoxville","Tennessee","615829","55850.00"
"76","Grand Rapids","Michigan","609023","47510.00"
"77","Columbia","South Carolina","604065","77946.00"
"78","Albany","New York","590694","87085.00"
"79","Bakersfield","California","571992","56875.00"
"80","New Haven","Connecticut","565572","53033.00"
"81","Des Moines","Iowa","548926","87402.00"
"82","Akron","Ohio","541945","51474.00"
"83","Palm Bay","Florida","534348","61866.00"
"84","Concord","California","531175","47168.00"
"85","Wichita","Kansas","509003","79148.00"
"86","Mesa","Arizona","503390","76477.00"
"87","Harrisburg","Pennsylvania","498329","50629.00"
"88","Staten Island","New York","495747","56729.00"
"89","Toledo","Ohio","493302","52567.00"
"90","Worcester","Massachusetts","486486","69567.00"
"91","Long Beach","California","462293","62440.00"
"92","Port St. Lucie","Florida","462047","84115.00"
"93","Little Rock","Arkansas","459409","72514.00"
"94","Reno","Nevada","457702","89521.00"
"95","Spokane","Washington","456219","68523.00"
"96","Madison","Wisconsin","451652","45121.00"
"97","Boise","Idaho","449776","80078.00"
"98","Bonita Springs","Florida","449527","75080.00"
"99","Denton","Texas","438492","74052.00"
"100","Oakland","California","437825","49353.00"
"101","Springfield","Massachusetts","437752","54279.00"
"102","Augusta","Georgia","437257","86268.00"
"103","Kissimmee","Florida","431618","61039.00"
"104","Winston-Salem","North Carolina","427706","46507.00"
"105","Stockton","California","413637","67788.00"
"106","Syracuse","New York","410732","61818.00"
"107","Chattanooga","Tennessee","406849","83206.00"
"108","Lancaster","Pennsylvania","402476","81816.00"
"109","Greenville","South Carolina","401443","47784.00"
"110","Durham","North Carolina","399616","87809.00"
"111","Pensacola","Florida","398813","65982.00"
"112","Fayetteville","Arkansas","394650","48019.00"
"113","Arlington","Texas","393469","72581.00"
"114","Aurora","Colorado","387349","55950.00"
"115","Oxnard","California","369962","68017.00"
"116","Indio","California","369654","83110.00"
"117","Scranton","Pennsylvania","366334","76199.00"
"118","Victorville","California","364015","66959.00"
"119","Trenton","New Jersey","362179","89909.00"
"120","Modesto","California","354183","84928.00"
"121","Huntsville","Alabama","349482","60372.00"
"122","Honolulu","Hawaii","348547","74366.00"
"123","Greensboro","North Carolina","347130","45477.00"
"124","Anaheim","California","347111","76638.00"
"125","Corpus Christi","Texas","337230","74292.00"
"126","Fort Wayne","Indiana","337163","68396.00"
"127","Fort Collins","Colorado","335398","52621.00"
"128","Jackson","Mississippi","335171","86851.00"
"129","Myrtle Beach","South Carolina","332181","66334.00"
"130","Fayetteville","North Carolina","328804","62398.00"
"131","Antioch","California","327216","46099.00"
"132","Lansing","Michigan","322561","62690.00"
"133","Lexington","Kentucky","321276","71204.00"
"134","Mobile","Alabama","320855","57170.00"
"135","Youngstown","Ohio","319065","52278.00"
"136","Henderson","Nevada","318063","67230.00"
"137","Savannah","Georgia","316050","81391.00"
"138","Poughkeepsie","New York","314159","88177.00"
"139","Santa Ana","California","311379","87890.00"
"140","Ann Arbor","Michigan","308983","89343.00"
"141","St. Paul","Minnesota","308806","55078.00"
"142","Newark","New Jersey","307355","58157.00"
"143","Irvine","California","304527","76617.00"
"144","Santa Rosa","California","296180","86982.00"
"145","Canton","Ohio","294047","76301.00"
"146","Asheville","North Carolina","294013","70844.00"
"147","Flint","Michigan","293893","54220.00"
"148","Winter Haven","Florida","293093","47369.00"
"149","Anchorage","Alaska","290674","68960.00"
"150","Lincoln","Nebraska","290531","72825.00"
"151","Concord","North Carolina","288783","55900.00"
"152","Jersey City","New Jersey","287899","68304.00"
"153","Springfield","Missouri","286280","57378.00"
"154","Plano","Texas","284948","54535.00"
"155","Shreveport","Louisiana","283536","79158.00"
"156","Davenport","Iowa","281333","78006.00"
"157","Lubbock","Texas","280890","64385.00"
"158","Lakeland","Florida","280346","48001.00"
"159","South Bend","Indiana","278061","72705.00"
"160","Chula Vista","California","276103","74160.00"
"161","Chandler","Arizona","275618","45710.00"
"162","Rockford","Illinois","273237","61183.00"
"163","Reading","Pennsylvania","272712","82545.00"
"164","Eugene","Oregon","270990","47698.00"
"165","Wilmington","North Carolina","268625","59065.00"
"166","Santa Clarita","California","268273","56189.00"
"167","Gilbert","Arizona","267267","65508.00"
"168","Salem","Oregon","266420","73143.00"
"169","Killeen","Texas","265921","83834.00"
"170","Round Lake Beach","Illinois","264451","59699.00"
"171","Columbus","Georgia","264282","68817.00"
"172","North Las Vegas","Nevada","264022","83629.00"
"173","Kennewick","Washington","259995","67685.00"
"174","St. Petersburg","Florida","259343","81791.00"
"175","Tallahassee","Florida","258696","84301.00"
"176","Laredo","Texas","255293","63497.00"
"177","Irving","Texas","254962","73090.00"
"178","Peoria","Illinois","253467","58232.00"
"179","Montgomery","Alabama","251158","64703.00"
"180","Chesapeake","Virginia","249377","47473.00"
"181","Glendale","Arizona","248083","68570.00"
"182","York","Pennsylvania","247176","69694.00"
"183","Nashua","New Hampshire","245209","51432.00"
"184","Garland","Texas","244026","45187.00"
"185","Scottsdale","Arizona","240537","61799.00"
"186","Lafayette","Louisiana","237565","56497.00"
"187","Norfolk","Virginia","236973","69043.00"
"188","Arlington","Virginia","235845","59130.00"
"189","Appleton","Wisconsin","233947","76009.00"
"190","Aguadilla","Puerto Rico","228854","73135.00"
"191","Rock Hill","South Carolina","228811","70267.00"
"192","Fremont","California","228795","59266.00"
"193","Fargo","North Dakota","228364","59398.00"
"194","Gulfport","Mississippi","228022","45471.00"
"195","Bremerton","Washington","226805","45358.00"
"196","Green Bay","Wisconsin","225633","77729.00"
"197","Enterprise","Nevada","225461","88295.00"
"198","Hialeah","Florida","222996","65012.00"
"199","Deltona","Florida","221137","67128.00"
"200","San Bernardino","California","221041","63701.00"
"201","Gainesville","Florida","220929","48566.00"
"202","Spring Valley","Nevada","220114","51386.00"
"203","Tacoma","Washington","219234","81223.00"
"204","Roanoke","Virginia","218533","48424.00"
"205","Brownsville","Texas","215269","76708.00"
"206","College Station","Texas","213177","77797.00"
"207","Olympia","Washington","210877","75046.00"
"208","Clarksville","Tennessee","210551","50948.00"
"209","Yonkers","New York","209780","72967.00"
"210","Moreno Valley","California","209578","80787.00"
"211","Thousand Oaks","California","209570","59612.00"
"212","Portland","Maine","209491","66554.00"
"213","Fontana","California","209279","89669.00"
"214","Hickory","North Carolina","206008","53194.00"
"215","Amarillo","Texas","205903","60904.00"
"216","Sioux Falls","South Dakota","204484","78426.00"
"217","Evansville","Indiana","203661","53908.00"
"218","Huntington","West Virginia","202754","73775.00"
"219","Waterbury","Connecticut","202422","70021.00"
"220","Frisco","Texas","202075","46980.00"
"221","Lorain","Ohio","201808","49779.00"
"222","Kalamazoo","Michigan","200838","70098.00"
"223","Galveston","Texas","200451","55041.00"
"224","Spartanburg","South Carolina","200000","56709.00"
"225","Santa Barbara","California","199023","84594.00"
"226","Sunrise Manor","Nevada","198325","68533.00"
"227","Huntington Beach","California","197481","68467.00"
"228","Grand Prairie","Texas","197279","73552.00"
"229","Overland Park","Kansas","196676","77712.00"
"230","McKinney","Texas","196160","55909.00"
"231","Waco","Texas","195709","59009.00"
"232","Hagerstown","Maryland","195261","59851.00"
"233","Glendale","California","194512","63155.00"
"234","Nampa","Idaho","193935","74762.00"
"235","Peoria","Arizona","191292","76847.00"
"236","Cedar Rapids","Iowa","191104","73217.00"
"237","Vancouver","Washington","190700","81523.00"
"238","Paradise","Nevada","189733","73944.00"
"239","Ocala","Florida","186840","68056.00"
"240","Erie","Pennsylvania","185556","61847.00"
"241","Newport News","Virginia","185118","85955.00"
"242","Frederick","Maryland","184991","67074.00"
"243","Murfreesboro","Tennessee","184763","47874.00"
"244","Fort Lauderdale","Florida","182673","55695.00"
"245","Aurora","Illinois","181405","82498.00"
"246","Tempe","Arizona","181005","79771.00"
"247","Danbury","Connecticut","180143","77251.00"
"248","Spring Hill","Florida","178833","52061.00"
"249","Gastonia","North Carolina","178220","53924.00"
"250","Salinas","California","177410","73481.00"
"251","Fredericksburg","Virginia","176791","59813.00"
"252","Ontario","California","176326","80274.00"
"253","Elk Grove","California","176105","70923.00"
"254","Gainesville","Georgia","175569","53314.00"
"255","Cary","North Carolina","174880","55434.00"
"256","Rancho Cucamonga","California","174696","63644.00"
"257","Oceanside","California","173722","55040.00"
"258","Garden Grove","California","171637","61381.00"
"259","Lancaster","California","171465","45851.00"
"260","Hemet","California","170621","54486.00"
"261","Pembroke Pines","Florida","170472","81237.00"
"262","Panama City","Florida","169810","81562.00"
"263","Vallejo","California","169541","50918.00"
"264","Manchester","New Hampshire","169097","50547.00"
"265","Medford","Oregon","168959","54857.00"
"266","Bayamón","Puerto Rico","168698","52927.00"
"267","Mauldin","South Carolina","168313","81016.00"
"268","Santa Cruz","California","167835","47460.00"
"269","Palmdale","California","166895","89515.00"
"270","Norwich","Connecticut","166885","59940.00"
"271","Muskegon","Michigan","166847","81955.00"
"272","Leesburg","Florida","166200","89905.00"
"273","High Point","North Carolina","164836","75261.00"
"274","Tuscaloosa","Alabama","164414","47035.00"
"275","Visalia","California","163681","71643.00"
"276","Marysville","Washington","162664","67508.00"
"277","Merced","California","160638","67585.00"
"278","Hayward","California","160602","45302.00"
"279","Lafayette","Indiana","160543","71086.00"
"280","Springfield","Illinois","159671","63839.00"
"281","Corona","California","158346","47395.00"
"282","Paterson","New Jersey","157864","68068.00"
"283","Alexandria","Virginia","157594","57016.00"
"284","Macon","Georgia","156554","81630.00"
"285","Binghamton","New York","156375","80777.00"
"286","Lakewood","Colorado","156149","69182.00"
"287","Kansas City","Kansas","155438","79226.00"
"288","Odessa","Texas","155039","57654.00"
"289","Sunnyvale","California","154573","74310.00"
"290","New Bedford","Massachusetts","153701","86519.00"
"291","Hollywood","Florida","152764","81116.00"
"292","South Lyon","Michigan","152132","85167.00"
"293","Escondido","California","151114","60639.00"
"294","Lake Charles","Louisiana","151109","50754.00"
"295","Pasadena","Texas","150620","80196.00"
"296","Bellevue","Washington","150606","62284.00"
"297","Joliet","Illinois","150221","83628.00"
"298","Champaign","Illinois","150179","51638.00"
"299","Pomona","California","149831","74106.00"
"300","Fairfield","California","149635","46570.00"
"301","Mesquite","Texas","149439","59444.00"
"302","Elkhart","Indiana","149423","50581.00"
"303","Naperville","Illinois","149089","73109.00"
"304","St. George","Utah","148895","78541.00"
"305","Roseville","California","148879","73133.00"
"306","Topeka","Kansas","148185","53634.00"
"307","Burlington","North Carolina","147415","79849.00"
"308","Warner Robins","Georgia","146790","52699.00"
"309","Surprise","Arizona","145591","74709.00"
"310","Torrance","California","145454","77547.00"
"311","Santa Maria","California","143647","53766.00"
"312","Athens","Georgia","143173","89613.00"
"313","Houma","Louisiana","143160","80825.00"
"314","Columbia","Missouri","142637","54021.00"
"315","Fullerton","California","142280","53885.00"
"316","Olathe","Kansas","142114","78651.00"
"317","Thornton","Colorado","141799","67402.00"
"318","Greeley","Colorado","140984","55829.00"
"319","Beaumont","Texas","140930","48340.00"
"320","Las Cruces","New Mexico","140915","85447.00"
"321","Midland","Texas","140171","81187.00"
"322","Metairie","Louisiana","140046","88468.00"
"323","Carolina","Puerto Rico","139201","50300.00"
"324","West Valley City","Utah","138868","65327.00"
"325","Orange","California","138728","47240.00"
"326","Warren","Michigan","138588","80508.00"
"327","Grand Junction","Colorado","138416","77065.00"
"328","Tyler","Texas","138024","65392.00"
"329","Pasadena","California","137554","73663.00"
"330","Hampton","Virginia","137217","86893.00"
"331","Bloomington","Illinois","136524","64172.00"
"332","Elizabeth","New Jersey","135665","73934.00"
"333","Stamford","Connecticut","135413","87439.00"
"334","Yuma","Arizona","135389","61078.00"
"335","Kent","Washington","135169","86423.00"
"336","Miramar","Florida","135158","71762.00"
"337","Coeur d'Alene","Idaho","134503","74737.00"
"338","Coral Springs","Florida","133801","46759.00"
"339","Sterling Heights","Michigan","133744","72216.00"
"340","Yuba City","California","133106","64576.00"
"341","Yakima","Washington","132354","87895.00"
"342","Carrollton","Texas","132284","73362.00"
"343","Racine","Wisconsin","132006","48037.00"
"344","Johnson City","Tennessee","131718","85310.00"
"345","Billings","Montana","131519","66498.00"
"346","Iowa City","Iowa","130736","77602.00"
"347","Dover","Delaware","130186","50780.00"
"348","Bellingham","Washington","129880","88688.00"
"349","Charleston","West Virginia","129754","86968.00"
"350","Lynchburg","Virginia","128849","77254.00"
"351","Santa Clara","California","128058","84688.00"
"352","Norman","Oklahoma","127701","53173.00"
"353","Greenville","North Carolina","127574","54612.00"
"354","Simi Valley","California","127568","63960.00"
"355","Fort Smith","Arkansas","126452","75168.00"
"356","Abilene","Texas","126356","65761.00"
"357","Arecibo","Puerto Rico","125727","73471.00"
"358","Lewisville","Texas","125028","46217.00"
"359","Pearland","Texas","124478","65028.00"
"360","Lehigh Acres","Florida","124440","68866.00"
"361","Kenosha","Wisconsin","124297","66903.00"
"362","Seaside","California","123421","67864.00"
"363","Burlington","Vermont","123307","51434.00"
"364","Arvada","Colorado","123066","89156.00"
"365","Waldorf","Maryland","122310","52564.00"
"366","Independence","Missouri","122218","71549.00"
"367","Rochester","Minnesota","121870","87681.00"
"368","Logan","Utah","121666","45278.00"
"369","Harlingen","Texas","121441","89541.00"
"370","Berkeley","California","121385","86894.00"
"371","Clovis","California","120607","71386.00"
"372","Round Rock","Texas","120465","45410.00"
"373","Pueblo","Colorado","120380","50915.00"
"374","Temple","Texas","120240","48082.00"
"375","Meridian","Idaho","119872","85172.00"
"376","Duluth","Minnesota","118574","84848.00"
"377","The Woodlands","Texas","118402","85728.00"
"378","Boulder","Colorado","118090","71971.00"
"379","Richardson","Texas","118063","80483.00"
"380","Cambridge","Massachusetts","117962","51808.00"
"381","West Palm Beach","Florida","117588","53492.00"
"382","Port Arthur","Texas","117348","69749.00"
"383","East Los Angeles","California","117222","87729.00"
"384","Redding","California","117163","66818.00"
"385","Clearwater","Florida","116984","67689.00"
"386","Monroe","Louisiana","116927","84612.00"
"387","Utica","New York","116766","63596.00"
"388","St. Cloud","Minnesota","116649","63493.00"
"389","Mandeville","Louisiana","116649","76960.00"
"390","West Jordan","Utah","116383","73376.00"
"391","North Charleston","South Carolina","115755","64087.00"
"392","Richmond","California","115619","80164.00"
"393","Westminster","Colorado","115502","52022.00"
"394","Saginaw","Michigan","115442","54314.00"
"395","Kailua","Hawaii","115264","49370.00"
"396","Brandon","Florida","114923","88255.00"
"397","Ponce","Puerto Rico","114901","82933.00"
"398","Carlsbad","California","114745","69096.00"
"399","Lowell","Massachusetts","114737","57866.00"
"400","Broken Arrow","Oklahoma","114237","54626.00"
"401","Elgin","Illinois","114190","80137.00"
"402","Gresham","Oregon","113525","53754.00"
"403","League City","Texas","113469","50481.00"
"404","Downey","California","113052","84427.00"
"405","Waterloo","Iowa","112333","87060.00"
"406","Murrieta","California","111899","48107.00"
"407","Leominster","Massachusetts","111856","78679.00"
"408","Longview","Texas","111855","52449.00"
"409","Jacksonville","North Carolina","111830","70610.00"
"410","Pompano Beach","Florida","111790","47275.00"
"411","Bend","Oregon","111774","76501.00"
"412","Miami Gardens","Florida","111618","56586.00"
"413","Costa Mesa","California","111490","83791.00"
"414","Sioux City","Iowa","111361","74546.00"
"415","Everett","Washington","110847","62119.00"
"416","Gilroy","California","110720","64251.00"
"417","San Buenaventura","California","110358","85763.00"
"418","Temecula","California","110114","72648.00"
"419","Sugar Land","Texas","110077","83359.00"
"420","Chico","California","110001","58721.00"
"421","Eau Claire","Wisconsin","109491","56340.00"
"422","El Monte","California","108682","53226.00"
"423","Idaho Falls","Idaho","108544","81311.00"
"424","Dearborn","Michigan","108414","50949.00"
"425","Bloomington","Indiana","108387","81145.00"
"426","West Covina","California","108173","51799.00"
"427","Sparks","Nevada","108025","86440.00"
"428","South Fulton","Georgia","107865","84186.00"
"429","Centennial","Colorado","107702","62675.00"
"430","Sandy Springs","Georgia","107221","74619.00"
"431","Inglewood","California","106806","71975.00"
"432","Hillsboro","Oregon","106612","85710.00"
"433","Columbia","Maryland","106600","52466.00"
"434","Burbank","California","106389","76180.00"
"435","Davie","Florida","105821","68436.00"
"436","El Cajon","California","105721","63723.00"
"437","Jurupa Valley","California","105672","83105.00"
"438","Allen","Texas","105444","67260.00"
"439","Auburn","Alabama","105386","83526.00"
"440","Renton","Washington","105355","59131.00"
"441","Holland","Michigan","105134","60853.00"
"442","Brockton","Massachusetts","104713","46497.00"
"443","Rio Rancho","New Mexico","104351","56310.00"
"444","San Mateo","California","104165","66069.00"
"445","Rialto","California","103873","66325.00"
"446","Spokane Valley","Washington","103761","64121.00"
"447","Charlottesville","Virginia","103760","49096.00"
"448","Menifee","California","103680","88923.00"
"449","Daly City","California","103648","60517.00"
"450","Wichita Falls","Texas","102482","89591.00"
"451","Riverview","Florida","102467","71180.00"
"452","Norwalk","California","101893","47563.00"
"453","Lee's Summit","Missouri","101728","66830.00"
"454","Longmont","Colorado","101642","64291.00"
"455","Vacaville","California","101631","74072.00"
"456","Highlands Ranch","Colorado","101514","60114.00"
"457","Kingsport","Tennessee","101323","56730.00"
"458","San Tan Valley","Arizona","101207","79473.00"
"459","Quincy","Massachusetts","100981","89404.00"
"460","Edinburg","Texas","100964","76330.00"
"461","Lynn","Massachusetts","100653","60173.00"
"462","San Angelo","Texas","100057","63508.00"
"463","Hesperia","California","99878","45112.00"
"464","Bowling Green","Kentucky","99669","79860.00"
"465","Federal Way","Washington","99614","58603.00"
"466","Carmel","Indiana","99453","83800.00"
"467","Bismarck","North Dakota","99433","76513.00"
"468","Fishers","Indiana","99041","76817.00"
"469","Lafayette","Colorado","98889","74548.00"
"470","Vista","California","98392","73473.00"
"471","Boca Raton","Florida","97980","81740.00"
"472","St. Augustine","Florida","97703","52941.00"
"473","Beaverton","Oregon","97554","50909.00"
"474","Goodyear","Arizona","97542","71647.00"
"475","Portsmouth","Virginia","97384","63166.00"
"476","Orem","Utah","97100","49574.00"
"477","Sunrise","Florida","96510","51047.00"
"478","Portsmouth","New Hampshire","96146","87104.00"
"479","Arden-Arcade","California","96076","79524.00"
"480","Lawrence","Kansas","96061","76407.00"
"481","Sandy","Utah","95635","74238.00"
"482","Slidell","Louisiana","95528","78581.00"
"483","Buckeye","Arizona","95042","86305.00"
"484","Livonia","Michigan","94928","72776.00"
"485","Williamsburg","Virginia","94892","75820.00"
"486","Suffolk","Virginia","94856","84502.00"
"487","Compton","California","94822","79816.00"
"488","La Crosse","Wisconsin","94627","49569.00"
"489","Edmond","Oklahoma","94503","56732.00"
"490","Carson","California","94475","46919.00"
"491","San Marcos","California","94360","63151.00"
"492","Tracy","California","94027","76954.00"
"493","Prescott Valley","Arizona","93923","69400.00"
"494","Middletown","Ohio","93870","82047.00"
"495","Fall River","Massachusetts","93638","70256.00"
"496","San Germán","Puerto Rico","93549","63559.00"
"497","Santa Fe","New Mexico","93165","66407.00"
"498","Plantation","Florida","93130","60826.00"
"499","Mayagüez","Puerto Rico","93079","73819.00"
"500","New Braunfels","Texas","92993","74270.00"
"501","Roswell","Georgia","92770","82330.00"
"502","Conroe","Texas","92475","76704.00"
"503","South Gate","California","92381","77204.00"
"504","Santa Monica","California","92168","79639.00"
"505","Kirkland","Washington","92015","56365.00"
"506","Hoover","Alabama","91995","79285.00"
"507","O'Fallon","Missouri","91825","86179.00"
"508","Alafaya","Florida","91531","85418.00"
"509","Palm Coast","Florida","91082","77637.00"
"510","Norwalk","Connecticut","91050","84791.00"
"511","Lawton","Oklahoma","91023","82408.00"
"512","Chino","California","91008","77974.00"
"513","Mount Pleasant","South Carolina","90945","48359.00"
"514","Manteca","California","90678","62248.00"
"515","Westminster","California","90638","79410.00"
"516","Florence","South Carolina","90419","50631.00"
"517","Joplin","Missouri","90384","55977.00"
"518","Germantown","Maryland","90210","73246.00"
"519","San Leandro","California","89723","49350.00"
"520","Town 'n' Country","Florida","89456","55911.00"
"521","Clifton","New Jersey","89451","83086.00"
"522","Waukegan","Illinois","89435","69287.00"
"523","Bloomington","Minnesota","89244","63252.00"
"524","Avondale","Arizona","89214","66906.00"
"525","Atascocita","Texas","89121","56391.00"
"526","Missoula","Montana","88780","57200.00"
"527","Fort Myers","Florida","88699","84323.00"
"528","Newton","Massachusetts","88453","78194.00"
"529","Lawrence","Massachusetts","88067","53175.00"
"530","Muncie","Indiana","88061","53788.00"
"531","Rapid City","South Dakota","87826","45473.00"
"532","Troy","Michigan","87170","61000.00"
"533","Livermore","California","87154","57341.00"
"534","Citrus Heights","California","87127","88030.00"
"535","Hawthorne","California","86978","75596.00"
"536","Winchester","Virginia","86813","78441.00"
"537","Springdale","Arkansas","86705","77654.00"
"538","Whittier","California","86459","49626.00"
"539","Deerfield Beach","Florida","86455","74874.00"
"540","Decatur","Illinois","86231","50543.00"
"541","San Ramon","California","86119","83701.00"
"542","Vineland","New Jersey","86042","84275.00"
"543","Mission","Texas","85755","88636.00"
"544","Auburn","Washington","85623","68648.00"
"545","Lake Forest","California","85583","71120.00"
"546","Newport Beach","California","85159","51817.00"
"547","Melbourne","Florida","84982","78950.00"
"548","Brooklyn Park","Minnesota","84951","65926.00"
"549","Bryan","Texas","84820","84239.00"
"550","Westland","Michigan","84806","73865.00"
"551","Napa","California","84703","61476.00"
"552","Baytown","Texas","84449","69614.00"
"553","Cicero","Illinois","84189","78934.00"
"554","Anderson","Indiana","83875","46152.00"
"555","Franklin","Tennessee","83630","83514.00"
"556","Farmington Hills","Michigan","83562","48475.00"
"557","Buena Park","California","83542","51443.00"
"558","Albany","Georgia","83447","71239.00"
"559","Pine Hills","Florida","83221","80586.00"
"560","State College","Pennsylvania","83170","78142.00"
"561","Redwood City","California","83077","60483.00"
"562","Warwick","Rhode Island","82783","53049.00"
"563","Jackson","Michigan","82775","56082.00"
"564","Cranston","Rhode Island","82691","69271.00"
"565","Largo","Florida","82541","86153.00"
"566","Miami Beach","Florida","82400","70225.00"
"567","Alhambra","California","82295","45493.00"
"568","Johns Creek","Georgia","82230","85029.00"
"569","Mountain View","California","82132","64672.00"
"570","Salisbury","Maryland","81921","67649.00"
"571","Morgantown","West Virginia","81912","46500.00"
"572","Silver Spring","Maryland","81808","58830.00"
"573","Layton","Utah","81726","67710.00"
"574","Springfield","Ohio","81620","73827.00"
"575","Lakewood","California","81499","64456.00"
"576","Florence","Alabama","81268","78532.00"
"577","Folsom","California","81077","72817.00"
"578","Madera","California","80937","50934.00"
"579","New Rochelle","New York","80828","77923.00"
"580","Parma","Ohio","80587","79387.00"
"581","Terre Haute","Indiana","80567","80318.00"
"582","Somerville","Massachusetts","80464","82662.00"
"583","Flagstaff","Arizona","80167","68266.00"
"584","Boynton Beach","Florida","80068","59735.00"
"585","Homestead","Florida","79996","84847.00"
"586","Newark","Ohio","79959","89222.00"
"587","Plymouth","Minnesota","79918","59810.00"
"588","Anniston","Alabama","79717","52595.00"
"589","Texarkana","Texas","79570","62618.00"
"590","Tustin","California","79514","56330.00"
"591","Pharr","Texas","79434","64117.00"
"592","Port Huron","Michigan","79363","76840.00"
"593","Turlock","California","79301","73432.00"
"594","Rancho Cordova","California","79128","69155.00"
"595","The Villages","Florida","79108","58414.00"
"596","Milpitas","California","79092","56567.00"
"597","Perris","California","78881","56429.00"
"598","Upland","California","78847","56217.00"
"599","Alton","Illinois","78729","54535.00"
"600","Pleasanton","California","78691","76746.00"
"601","Kendall","Florida","78402","66286.00"
"602","Jonesboro","Arkansas","78379","49189.00"
"603","Bellflower","California","78352","76633.00"
"604","Battle Creek","Michigan","78338","65393.00"
"605","Chino Hills","California","78223","71477.00"
"606","Cheyenne","Wyoming","78204","74752.00"
"607","Lebanon","Pennsylvania","78147","78837.00"
"608","Carmichael","California","78144","55920.00"
"609","South Jordan","Utah","78118","61916.00"
"610","Davis","California","77874","69230.00"
"611","Elizabethtown","Kentucky","77770","63118.00"
"612","Schaumburg","Illinois","77571","75349.00"
"613","Alameda","California","77565","52248.00"
"614","Hammond","Indiana","77390","70307.00"
"615","Pasco","Washington","77274","81613.00"
"616","Evanston","Illinois","77181","47655.00"
"617","Lehi","Utah","77110","70387.00"
"618","Alexandria","Louisiana","77109","59176.00"
"619","North Port","Florida","76975","45491.00"
"620","Arlington Heights","Illinois","76794","52115.00"
"621","Camarillo","California","76748","77686.00"
"622","Wyoming","Michigan","76732","70845.00"
"623","Flower Mound","Texas","76630","67570.00"
"624","Bethlehem","Pennsylvania","76555","45416.00"
"625","Hattiesburg","Mississippi","76501","77294.00"
"626","Loveland","Colorado","76500","72847.00"
"627","Pittsburg","California","76419","85575.00"
"628","Cedar Park","Texas","76344","59216.00"
"629","Wenatchee","Washington","76152","76773.00"
"630","Southfield","Michigan","76107","53835.00"
"631","Rochester Hills","Michigan","76041","57352.00"
"632","Hammond","Louisiana","76032","67626.00"
"633","Valdosta","Georgia","75919","58410.00"
"634","Owensboro","Kentucky","75644","70074.00"
"635","Apple Valley","California","75603","74590.00"
"636","Woodbury","Minnesota","75549","79054.00"
"637","Pawtucket","Rhode Island","75176","57149.00"
"638","St. Joseph","Missouri","75033","69751.00"
"639","Doral","Florida","74891","50697.00"
"640","Dover","New Hampshire","74554","87301.00"
"641","Missouri City","Texas","74517","86273.00"
"642","Saratoga Springs","New York","74339","60665.00"
"643","Pocatello","Idaho","74284","66559.00"
"644","Oshkosh","Wisconsin","74251","76925.00"
"645","New Britain","Connecticut","74212","53219.00"
"646","Castle Rock","Colorado","74065","50161.00"
"647","Lauderhill","Florida","73987","53489.00"
"648","Broomfield","Colorado","73946","62039.00"
"649","Dale City","Virginia","73928","70854.00"
"650","Bolingbrook","Illinois","73755","72567.00"
"651","Redmond","Washington","73728","46362.00"
"652","Caguas","Puerto Rico","73713","59385.00"
"653","Mansfield","Texas","73680","65962.00"
"654","Ellicott City","Maryland","73589","70543.00"
"655","Sheboygan","Wisconsin","73531","52260.00"
"656","Mansfield","Ohio","73448","47712.00"
"657","Glens Falls","New York","73424","63487.00"
"658","Daytona Beach","Florida","73329","52832.00"
"659","Lodi","California","73239","80838.00"
"660","Redlands","California","73234","63614.00"
"661","Harrisonburg","Virginia","73160","70974.00"
"662","Dothan","Alabama","73037","69147.00"
"663","Cleveland","Tennessee","72870","71348.00"
"664","Jackson","Tennessee","72836","60162.00"
"665","Mount Vernon","New York","72817","78814.00"
"666","Centreville","Virginia","72680","55532.00"
"667","Altoona","Pennsylvania","72348","65232.00"
"668","Framingham","Massachusetts","71805","89534.00"
"669","Camden","New Jersey","71799","63409.00"
"670","Georgetown","Texas","71788","50934.00"
"671","Baldwin Park","California","71692","66548.00"
"672","Rocklin","California","71676","79362.00"
"673","Porterville","California","71669","81727.00"
"674","Tamarac","Florida","71578","49096.00"
"675","Glen Burnie","Maryland","71427","60050.00"
"676","Blacksburg","Virginia","71277","47901.00"
"677","Wausau","Wisconsin","71236","64183.00"
"678","Sumter","South Carolina","71234","80103.00"
"679","Janesville","Wisconsin","71202","73609.00"
"680","Brunswick","Georgia","71160","53668.00"
"681","Dublin","California","71068","62459.00"
"682","Wilmington","Delaware","71034","84445.00"
"683","Waukesha","Wisconsin","70945","46883.00"
"684","Fairbanks","Alaska","70817","83025.00"
"685","Lakeville","Minnesota","70696","51072.00"
"686","St. Charles","Missouri","70687","47549.00"
"687","Redondo Beach","California","70620","89489.00"
"688","Spring Hill","Tennessee","70531","59230.00"
"689","Bayonne","New Jersey","70497","70822.00"
"690","Grand Forks","North Dakota","70475","88954.00"
"691","Noblesville","Indiana","70442","89682.00"
"692","Guaynabo","Puerto Rico","70167","46467.00"
"693","El Paso de Robles","California","70128","47579.00"
"694","North Richland Hills","Texas","70114","56445.00"
"695","Maple Grove","Minnesota","70110","84360.00"
"696","Passaic","New Jersey","70048","51523.00"
"697","Blaine","Minnesota","70047","80311.00"
"698","Lake Elsinore","California","69993","76718.00"
"699","Rogers","Arkansas","69961","46759.00"
"700","Casas Adobes","Arizona","69917","69819.00"
"701","Sherman","Texas","69880","59307.00"
"702","Walnut Creek","California","69809","51576.00"
"703","Conway","Arkansas","69651","83150.00"
"704","Eastvale","California","69594","54975.00"
"705","Union City","California","69502","67608.00"
"706","Michigan City","Indiana","69459","70745.00"
"707","Poinciana","Florida","69311","71411.00"
"708","Tulare","California","69261","71681.00"
"709","Gary","Indiana","69136","67255.00"
"710","Gaithersburg","Maryland","69016","79954.00"
"711","East Orange","New Jersey","68879","62618.00"
"712","Wesley Chapel","Florida","68814","70502.00"
"713","West Des Moines","Iowa","68744","59846.00"
"714","Dalton","Georgia","68614","62791.00"
"715","Dubuque","Iowa","68601","76276.00"
"716","Schenectady","New York","68476","67281.00"
"717","Ankeny","Iowa","68392","84708.00"
"718","Maricopa","Arizona","68376","59596.00"
"719","Eagan","Minnesota","68262","79393.00"
"720","Hanford","California","68122","54395.00"
"721","Bristol","Tennessee","68083","67634.00"
"722","Yorba Linda","California","68035","85040.00"
"723","Weston","Florida","68029","72635.00"
"724","Watsonville","California","68020","55468.00"
"725","Palo Alto","California","67901","71631.00"
"726","South Hill","Washington","67835","81551.00"
"727","Shawnee","Kansas","67671","50297.00"
"728","San Marcos","Texas","67491","75795.00"
"729","Great Falls","Montana","67300","71561.00"
"730","Haverhill","Massachusetts","67273","58633.00"
"731","Union City","New Jersey","67258","46715.00"
"732","Palatine","Illinois","67223","77919.00"
"733","Longview","Washington","67203","70508.00"
"734","Corvallis","Oregon","67187","75600.00"
"735","Rockville","Maryland","67142","54633.00"
"736","Skokie","Illinois","67076","54348.00"
"737","Mount Vernon","Washington","66896","66151.00"
"738","Casper","Wyoming","66876","51308.00"
"739","Ames","Iowa","66729","60759.00"
"740","Delray Beach","Florida","66646","89646.00"
"741","Sammamish","Washington","66586","76663.00"
"742","Lynwood","California","66346","87257.00"
"743","Dundalk","Maryland","66321","56537.00"
"744","Bethesda","Maryland","66316","45759.00"
"745","Morristown","Tennessee","66220","59221.00"
"746","Juana Díaz","Puerto Rico","66208","57552.00"
"747","Kankakee","Illinois","66065","59714.00"
"748","Fajardo","Puerto Rico","66022","70478.00"
"749","Alpharetta","Georgia","65884","69005.00"
"750","Novi","Michigan","65870","58562.00"
"751","Kenner","Louisiana","65785","86165.00"
"752","Bay City","Michigan","65704","67653.00"
"753","Victoria","Texas","65656","48054.00"
"754","South San Francisco","California","65596","65698.00"
"755","Apex","North Carolina","65541","61755.00"
"756","Parkersburg","West Virginia","65524","66648.00"
"757","Malden","Massachusetts","65463","79419.00"
"758","Castro Valley","California","65444","64463.00"
"759","Bozeman","Montana","65279","53194.00"
"760","Brentwood","New York","65042","49780.00"
"761","Waltham","Massachusetts","64711","53240.00"
"762","Pflugerville","Texas","64528","62539.00"
"763","North Little Rock","Arkansas","64454","76713.00"
"764","Brentwood","California","64443","56943.00"
"765","Laguna Niguel","California","64259","81421.00"
"766","San Clemente","California","64232","73151.00"
"767","Burnsville","Minnesota","64075","54118.00"
"768","Spring","Texas","63930","63417.00"
"769","Port Charlotte","Florida","63913","89259.00"
"770","Eden Prairie","Minnesota","63623","45739.00"
"771","Greenwood","Indiana","63579","78258.00"
"772","Millcreek","Utah","63520","83000.00"
"773","Bellevue","Nebraska","63336","68912.00"
"774","Coon Rapids","Minnesota","63296","83404.00"
"775","Rowlett","Texas","63291","75176.00"
"776","Hamilton","Ohio","63149","70467.00"
"777","Lakewood","Washington","63142","47370.00"
"778","Florence-Graham","California","63132","50495.00"
"779","Commerce City","Colorado","63050","87330.00"
"780","Bossier City","Louisiana","62971","88237.00"
"781","Taylor","Michigan","62937","72061.00"
"782","La Habra","California","62904","46178.00"
"783","Port Orange","Florida","62849","75886.00"
"784","Moore","Oklahoma","62685","76308.00"
"785","Council Bluffs","Iowa","62670","60362.00"
"786","Leander","Texas","62491","74749.00"
"787","Dearborn Heights","Michigan","62474","53072.00"
"788","Reston","Virginia","62339","63111.00"
"789","Montebello","California","62056","47609.00"
"790","Pontiac","Michigan","61965","64502.00"
"791","Encinitas","California","61942","57430.00"
"792","Queen Creek","Arizona","61788","65671.00"
"793","Medford","Massachusetts","61748","52718.00"
"794","Springfield","Oregon","61740","66653.00"
"795","Hendersonville","Tennessee","61589","49413.00"
"796","Palm Harbor","Florida","61589","75038.00"
"797","Pico Rivera","California","61561","53551.00"
"798","Marietta","Georgia","61387","45100.00"
"799","Wellington","Florida","61373","88356.00"
"800","Sanford","Florida","61272","83435.00"
"801","Woodland","California","61227","86014.00"
"802","Caldwell","Idaho","61212","75236.00"
"803","Huntersville","North Carolina","61202","64446.00"
"804","Bristol","Connecticut","61052","75278.00"
"805","Jupiter","Florida","60926","67540.00"
"806","San Rafael","California","60891","70524.00"
"807","La Mesa","California","60888","79917.00"
"808","Richland","Washington","60867","65219.00"
"809","Revere","Massachusetts","60577","84990.00"
"810","Meriden","Connecticut","60556","55263.00"
"811","Monterey Park","California","60386","70042.00"
"812","Gardena","California","60377","78572.00"
"813","Euless","Texas","60360","85184.00"
"814","Des Plaines","Illinois","60087","54563.00"
"815","West Allis","Wisconsin","59907","56742.00"
"816","North Miami","Florida","59854","84550.00"
"817","St. Cloud","Florida","59851","49786.00"
"818","The Hammocks","Florida","59843","49213.00"
"819","Cupertino","California","59763","56159.00"
"820","Taylorsville","Utah","59729","86152.00"
"821","Petaluma","California","59682","73349.00"
"822","Kokomo","Indiana","59534","88041.00"
"823","Santee","California","59497","76401.00"
"824","Stonecrest","Georgia","59445","50653.00"
"825","Taunton","Massachusetts","59436","59838.00"
"826","White Plains","New York","59421","85447.00"
"827","Palm Beach Gardens","Florida","59088","66907.00"
"828","Chapel Hill","North Carolina","58919","45264.00"
"829","Hoboken","New Jersey","58754","86235.00"
"830","Parker","Colorado","58733","78016.00"
"831","Blue Springs","Missouri","58720","79333.00"
"832","Shoreline","Washington","58673","51127.00"
"833","St. Clair Shores","Michigan","58656","76056.00"
"834","Horizon West","Florida","58595","55216.00"
"835","Margate","Florida","58396","75339.00"
"836","Orland Park","Illinois","58345","47454.00"
"837","Carson City","Nevada","58249","47675.00"
"838","Midwest City","Oklahoma","58124","78968.00"
"839","Royal Oak","Michigan","58053","45086.00"
"840","Bowie","Maryland","57922","88677.00"
"841","Kettering","Ohio","57707","71560.00"
"842","St. Peters","Missouri","57692","82693.00"
"843","Oak Lawn","Illinois","57665","46503.00"
"844","Towson","Maryland","57617","62200.00"
"845","Coconut Creek","Florida","57574","49605.00"
"846","Decatur","Alabama","57525","80656.00"
"847","Lenexa","Kansas","57497","65103.00"
"848","Bartlett","Tennessee","57481","48360.00"
"849","South Whittier","California","57383","57893.00"
"850","Lake Havasu City","Arizona","57294","56762.00"
"851","Bel Air South","Maryland","57109","75300.00"
"852","Fountainebleau","Florida","57066","63349.00"
"853","Wylie","Texas","57063","89970.00"
"854","Madison","Alabama","56967","59461.00"
"855","Brookhaven","Georgia","56848","64479.00"
"856","Highland","California","56789","60005.00"
"857","Fountain Valley","California","56754","66145.00"
"858","Berwyn","Illinois","56556","50421.00"
"859","Severn","Maryland","56438","58059.00"
"860","Albany","Oregon","56348","59905.00"
"861","National City","California","56345","89918.00"
"862","Lacey","Washington","56263","48633.00"
"863","Mount Prospect","Illinois","56191","54384.00"
"864","Arcadia","California","56181","60812.00"
"865","DeSoto","Texas","55882","85502.00"
"866","Smyrna","Georgia","55863","86149.00"
"867","Bradenton","Florida","55795","48522.00"
"868","New Brunswick","New Jersey","55718","81902.00"
"869","Apple Valley","Minnesota","55594","68494.00"
"870","Tinley Park","Illinois","55571","72939.00"
"871","Sarasota","Florida","55508","54508.00"
"872","Hacienda Heights","California","55461","81416.00"
"873","Chicopee","Massachusetts","55441","54806.00"
"874","West Haven","Connecticut","55336","58330.00"
"875","Herriman","Utah","55301","73200.00"
"876","Perth Amboy","New Jersey","55226","47028.00"
"877","Casa Grande","Arizona","55186","54235.00"
"878","Tigard","Oregon","55161","83390.00"
"879","Apopka","Florida","55056","67338.00"
"880","Southaven","Mississippi","54908","80702.00"
"881","Huntington Park","California","54547","58911.00"
"882","Diamond Bar","California","54534","67405.00"
"883","Bentonville","Arkansas","54513","81292.00"
"884","Yucaipa","California","54428","66414.00"
"885","Plainfield","New Jersey","54358","49809.00"
"886","Manhattan","Kansas","54287","50135.00"
"887","Aspen Hill","Maryland","54262","81479.00"
"888","Rocky Mount","North Carolina","54260","62745.00"
"889","Peabody","Massachusetts","54204","46592.00"
"890","West Sacramento","California","54163","89638.00"
"891","San Jacinto","California","54077","47139.00"
"892","Kentwood","Michigan","54042","77980.00"
"893","Colton","California","53959","87568.00"
"894","Oak Park","Illinois","53834","46473.00"
"895","Westchester","Florida","53765","57158.00"
"896","Smyrna","Tennessee","53760","75731.00"
"897","Wheaton","Illinois","53673","62329.00"
"898","Beaumont","California","53544","48589.00"
"899","Aloha","Oregon","53532","63186.00"
"900","Minnetonka","Minnesota","53529","87460.00"
"901","Pinellas Park","Florida","53352","85446.00"
"902","Kannapolis","North Carolina","53314","66999.00"
"903","Paramount","California","53255","59424.00"
"904","Texas City","Texas","53084","84236.00"
"905","Novato","California","53055","60894.00"
"906","Edina","Minnesota","53037","60216.00"
"907","Normal","Illinois","52920","70428.00"
"908","Tamiami","Florida","52851","51277.00"
"909","Grand Island","Nebraska","52822","73892.00"
"910","Methuen Town","Massachusetts","52812","76367.00"
"911","Elyria","Ohio","52780","57711.00"
"912","Wheaton","Maryland","52775","89707.00"
"913","Kendale Lakes","Florida","52661","45744.00"
"914","Marana","Arizona","52542","71721.00"
"915","West New York","New Jersey","52438","51120.00"
"916","Twin Falls","Idaho","52315","88032.00"
"917","Florissant","Missouri","52167","62209.00"
"918","Glendora","California","52095","85727.00"
"919","Cathedral City","California","51964","46084.00"
"920","Aliso Viejo","California","51896","64078.00"
"921","Placentia","California","51797","54886.00"
"922","Hoffman Estates","Illinois","51744","79283.00"
"923","Burien","Washington","51505","47460.00"
"924","Dunwoody","Georgia","51458","56536.00"
"925","Palm Desert","California","51290","75343.00"
"926","Troy","New York","51268","85927.00"
"927","Collierville","Tennessee","51170","81407.00"
"928","Levittown","Pennsylvania","51152","71945.00"
"929","Rosemead","California","51043","77116.00"
"930","Country Club","Florida","50975","70708.00"
"931","Enid","Oklahoma","50961","71280.00"
"932","Cuyahoga Falls","Ohio","50916","76580.00"
"933","Mishawaka","Indiana","50899","50551.00"
"934","Columbus","Indiana","50896","54705.00"
"935","Summerville","South Carolina","50839","87952.00"
"936","Levittown","New York","50804","74295.00"
"937","Grapevine","Texas","50763","60759.00"
"938","Covina","California","50717","59355.00"
"939","Milford city ","Connecticut","50664","83920.00"
"940","Draper","Utah","50635","55153.00"
"941","Lakewood","Ohio","50605","81396.00"
"942","Catalina Foothills","Arizona","50573","46554.00"
"943","Delano","California","50498","54113.00"
"944","Lincoln","California","50131","71742.00"
"945","Murray","Utah","50041","81924.00"
"946","Mooresville","North Carolina","50025","46359.00"
